Date,Close/Last,Open,High,Low
05/13/2025,179.444,179.29,179.9129,177.9484
05/12/2025,179.1469,184.0697,186.0736,178.2424
05/09/2025,192.5014,188.613,192.5014,186.7788
05/08/2025,186.0928,188.5186,189.8192,186.0152
05/07/2025,189.2952,187.7101,190.9113,187.5857
05/06/2025,191.7318,187.2525,191.9455,186.4949
05/05/2025,184.4153,182.763,184.8556,181.6262
05/02/2025,179.3836,182.5921,183.1986,178.1378
05/01/2025,180.7765,183.93,183.93,179.6075
04/30/2025,187.4879,185.0223,187.5706,184.2741
04/29/2025,185.3823,186.93,187.6755,184.8098
04/28/2025,187.7769,185.1122,187.8469,184.1091
04/25/2025,186.0046,186.4591,186.669,184.2603
04/24/2025,189.3863,187.7269,189.6012,186.0153
04/23/2025,185.9837,186.0087,187.4156,182.1272
04/22/2025,189.7042,193.955,194.9112,189.0293
04/21/2025,193.0365,195.5186,197.6539,190.2905
04/17/2025,191.4927,193.8719,194.1613,190.1443
04/16/2025,195.3344,194.1709,199.4087,193.5692
04/15/2025,190.9839,191.362,191.6674,189.1216
04/14/2025,189.7144,185.7671,190.5998,183.8363
04/11/2025,188.0088,182.6809,189.6495,182.6809
04/10/2025,177.2843,172.1774,179.6326,171.9545
04/09/2025,171.0231,161.3071,172.4428,161.3071
04/08/2025,156.9697,162.2661,165.1732,155.3471
04/07/2025,158.419,154.0068,166.3576,151.9616
04/04/2025,157.757,171.4895,171.5356,156.6901
04/03/2025,174.8553,173.137,178.35,171.4442
04/02/2025,177.9187,176.9302,178.0468,174.5024
04/01/2025,177.3087,177.4763,178.4503,175.2394
03/31/2025,177.1414,176.9989,177.7752,171.8603
03/28/2025,176.6391,180.5926,182.2814,176.153
03/27/2025,178.6648,176.7406,179.2357,175.4424
03/26/2025,175.2407,177.7116,178.0468,174.7676
03/25/2025,177.105,176.1326,179.5014,176.1326
03/24/2025,174.2644,174.438,175.9897,174.0721
03/21/2025,174.2219,174.8866,175.018,171.5877
03/20/2025,176.5242,174.5089,177.5383,174.0241
03/19/2025,176.4725,175.3239,177.2469,174.0395
03/18/2025,175.1925,176.327,177.895,174.9166
03/17/2025,174.1006,170.2205,174.3694,170.2205
03/14/2025,169.3809,169.9161,170.3626,167.9254
03/13/2025,167.8113,164.1036,169.8605,163.8009
03/12/2025,163.465,161.5333,164.2978,161.0462
03/11/2025,162.1513,158.4085,162.8421,158.4085
03/10/2025,156.2906,160.335,161.0433,154.8665
03/07/2025,161.5865,161.1125,164.8457,159.1139
03/06/2025,160.6239,160.9525,163.4515,159.5356
03/05/2025,162.312,155.9656,162.4287,155.6308
03/04/2025,155.6873,156.3764,157.502,152.482
03/03/2025,154.4198,157.854,159.7732,153.6954
02/28/2025,155.3182,152.4163,155.3692,150.8359
02/27/2025,154.4581,157.8657,158.8836,154.3351
02/26/2025,160.4873,156.3592,161.5378,156.1761
02/25/2025,157.4645,158.6644,158.8683,154.4905
02/24/2025,159.7012,159.5982,160.4238,156.7857
02/21/2025,158.5652,162.933,163.0625,158.4245
02/20/2025,165.2096,163.2035,166.7084,163.2035
02/19/2025,162.5095,161.6492,162.9585,160.2484
02/18/2025,163.2174,162.5529,163.6086,161.1885
02/14/2025,161.1782,167.8367,167.9119,160.9462
02/13/2025,167.393,165.8733,167.6957,163.9152
02/12/2025,165.6782,161.4215,166.8332,161.413
02/11/2025,162.5251,163.2474,164.5592,162.5067
02/10/2025,165.3175,164.6803,165.6989,164.1582
02/07/2025,161.016,162.956,164.4742,160.8053
02/06/2025,161.7117,161.3109,161.7455,160.1214
02/05/2025,162.1203,160.3981,163.8821,160.3981
02/04/2025,158.0551,157.1846,158.7585,156.7492
02/03/2025,156.2611,154.0469,157.5486,153.7517
01/31/2025,153.9925,156.6356,156.9251,153.3785
01/30/2025,156.0572,152.7576,157.1321,152.5413
01/29/2025,150.0457,149.0978,151.3757,148.1305
01/28/2025,148.9084,148.3514,149.1754,146.9758
01/27/2025,147.7464,148.7282,148.7282,145.9886
01/24/2025,150.8937,151.5559,152.1844,150.0986
01/23/2025,148.9622,147.7057,148.9933,146.0046
01/22/2025,149.3899,151.2304,151.4752,148.7005
01/21/2025,150.163,148.7489,151.6396,148.7489
01/17/2025,147.0397,145.142,147.9815,144.4041
01/16/2025,146.0245,147.9694,148.2835,145.9063
01/15/2025,146.8532,147.9552,147.9552,144.7481
01/14/2025,146.081,142.8914,146.2278,142.6101
01/13/2025,142.3794,143.4408,143.4408,141.3631
01/10/2025,145.3163,147.3773,149.1828,144.5832
01/08/2025,145.4179,142.4482,145.6048,142.0482
01/07/2025,141.9368,142.1351,144.9073,141.0156
01/06/2025,140.0861,142.3456,142.6352,140.0001
01/03/2025,141.465,142.6186,142.9206,141.4505
01/02/2025,142.9582,139.4812,143.4276,139.4665
12/31/2024,137.18,136.198,137.6327,135.8962
12/30/2024,136.24,137.2212,137.4648,135.255
12/27/2024,138.818,137.7854,139.1476,137.3476
12/26/2024,139.9088,139.7688,140.9154,139.3645
12/24/2024,139.6836,139.7924,139.7924,138.5374
12/23/2024,139.3855,138.3734,139.6677,137.2686
12/20/2024,139.2234,137.9468,140.8428,137.8215
12/19/2024,137.435,138.9748,140.188,136.9813
12/18/2024,138.4451,144.5016,144.8494,138.0095
12/17/2024,145.2566,144.6814,145.7917,143.559
12/16/2024,146.4362,147.8614,147.8614,146.0781
12/13/2024,147.9161,149.9786,150.3967,146.9907
12/12/2024,151.5417,154.3059,154.7335,151.5014
12/11/2024,157.3062,153.0256,157.3812,152.7716
12/10/2024,151.988,153.7526,154.4261,151.8782
12/09/2024,152.2891,150.9918,156.0152,150.9918
12/06/2024,147.7172,150.0325,150.0427,147.2129
12/05/2024,150.6402,151.4794,152.6773,149.3063
12/04/2024,151.492,152.0452,153.5492,151.2464
12/03/2024,152.4573,149.9846,153.698,149.9846
12/02/2024,147.8804,149.5333,149.6628,147.3308
11/29/2024,150.4701,150.6629,151.8187,150.164
11/27/2024,149.7662,150.743,151.8318,149.3309
11/26/2024,149.8164,148.6912,149.919,147.676
11/25/2024,149.1399,149.4619,149.7487,148.2888
11/22/2024,153.6895,154.0969,154.6329,152.824
11/21/2024,153.412,153.0779,153.4405,151.276
11/20/2024,151.6584,151.445,152.1797,150.8498
11/19/2024,152.2228,150.6431,152.2863,149.4851
11/18/2024,149.135,145.9099,149.7586,145.9099
11/15/2024,143.1617,145.4863,145.9637,142.7253
11/14/2024,144.6481,142.3466,145.4549,142.3466
11/13/2024,143.4214,146.7366,147.228,143.4058
11/12/2024,145.5567,146.9731,147.2197,143.4898
11/11/2024,147.7819,150.9943,152.2574,145.738
11/08/2024,156.7269,157.7245,158.4953,155.1571
11/07/2024,159.2543,157.3526,159.92,156.0677
11/06/2024,155.9359,155.2198,156.6937,152.8045
11/05/2024,159.8404,160.5706,161.2915,158.9445
11/04/2024,159.0035,160.0988,160.7687,158.3008
11/01/2024,159.2791,162.2683,163.0058,159.2134
10/31/2024,161.1976,164.0129,164.0129,159.6503
10/30/2024,166.4435,168.073,168.0759,164.7134
10/29/2024,168.6609,167.206,168.9595,166.3587
10/28/2024,165.9341,165.5032,166.9533,165.3332
10/25/2024,166.2888,168.089,168.7615,165.8294
10/24/2024,169.4446,173.121,173.1245,166.2714
10/23/2024,172.4323,172.5796,173.7335,170.8747
10/22/2024,175.7432,173.9897,175.9448,173.694
10/21/2024,172.171,173.8477,175.0626,171.6061
10/18/2024,171.3122,165.3727,171.9735,165.0555
10/17/2024,163.6776,163.1405,165.0839,162.4366
10/16/2024,162.1044,162.5047,164.5774,161.5271
10/15/2024,160.6269,159.1086,160.6935,158.1216
10/14/2024,159.314,158.5478,159.4854,157.6077
10/11/2024,159.485,159.9216,161.3408,159.385
10/10/2024,158.7674,155.2414,158.8793,154.4984
10/09/2024,154.4712,153.6836,154.5404,152.1741
10/08/2024,154.8137,154.6174,154.8493,152.8239
10/07/2024,155.9169,156.8823,156.8823,155.1114
10/04/2024,158.0734,158.5649,160.5471,157.7011
10/03/2024,158.7587,159.4755,159.5047,157.3228
10/02/2024,161.4827,161.2068,163.1436,160.3923
10/01/2024,161.2783,160.6663,162.4302,159.3437
09/30/2024,158.7187,160.3672,160.7033,157.2808
09/27/2024,162.2461,166.7541,167.0457,162.0888
09/26/2024,167.3728,166.1639,168.7127,165.9084
09/25/2024,164.9917,164.9451,166.6444,164.4436
09/24/2024,165.1793,161.7453,166.0249,160.7369
09/23/2024,160.4253,161.8143,164.0853,160.4253
09/20/2024,161.1124,160.5737,161.8029,159.7286
09/19/2024,158.7479,160.0012,160.1027,157.4597
09/18/2024,156.6079,159.1406,163.8183,156.5218
09/17/2024,158.4814,158.6438,160.2792,157.758
09/16/2024,159.6604,160.4626,161.0737,158.5779
09/13/2024,160.3876,158.7946,161.0858,158.7566
09/12/2024,156.6854,150.6575,157.5508,150.6237
09/11/2024,148.701,146.4278,148.8188,145.2245
09/10/2024,147.3206,145.5502,147.3823,144.2049
09/09/2024,145.3653,144.3852,145.9971,144.3852
09/06/2024,143.7648,147.5244,148.1281,143.3844
09/05/2024,147.8285,149.0275,149.9625,147.6639
09/04/2024,146.5678,146.6465,148.3471,145.8859
09/03/2024,147.466,152.0812,152.1335,146.4342
08/30/2024,153.9078,154.281,154.9996,152.7409
08/29/2024,154.883,154.0235,155.8214,153.9813
08/28/2024,153.1156,154.6978,154.7138,151.9507
08/27/2024,156.8719,155.6215,156.9258,154.9081
08/26/2024,157.2413,158.5252,158.6709,156.7599
08/23/2024,157.2705,156.4523,158.0831,155.4465
08/22/2024,155.2559,156.5475,156.6962,154.1983
08/21/2024,158.9294,157.7947,159.3477,156.5183
08/20/2024,157.9884,158.8396,159.9901,157.0654
08/19/2024,156.7049,153.1233,156.9519,153.0744
08/16/2024,153.5291,151.2718,153.6871,150.8002
08/15/2024,149.8121,149.1417,150.5259,147.1173
08/14/2024,148.4823,148.4454,148.7245,146.4026
08/13/2024,149.133,146.5824,149.7788,146.5284
08/12/2024,146.8972,143.1052,147.7355,143.0923
08/09/2024,142.2059,141.8901,142.2681,139.6736
08/08/2024,140.9874,138.733,142.1464,138.0863
08/07/2024,137.9177,143.9932,144.0151,137.5326
08/06/2024,142.182,139.6547,143.5571,139.1521
08/05/2024,140.3931,138.9207,141.2454,134.344
08/02/2024,145.5083,151.1689,152.0014,144.3367
08/01/2024,149.4045,152.1702,153.6201,147.6538
07/31/2024,152.3304,151.8377,153.1154,150.6192
07/30/2024,148.4753,148.2886,148.9946,146.6904
07/29/2024,147.8174,147.3487,147.9903,145.4274
07/26/2024,146.7755,147.6809,148.1257,146.3438
07/25/2024,145.7499,146.1012,147.1116,144.2902
07/24/2024,149.3664,151.9609,153.7729,149.2845
07/23/2024,150.7148,150.1967,150.9215,149.0757
07/22/2024,150.3158,149.3158,150.7039,148.2352
07/19/2024,149.8947,148.7432,150.9198,147.7382
07/18/2024,151.6758,155.0698,155.0704,150.697
07/17/2024,154.6773,157.7879,158.4612,154.6335
07/16/2024,157.7015,154.1359,157.7337,153.1391
07/15/2024,152.8167,153.4702,154.6866,151.4176
07/12/2024,153.7328,152.2655,154.1512,151.764
07/11/2024,153.2017,152.5192,153.5058,149.3584
07/10/2024,149.3229,147.0293,149.6439,146.9986
07/09/2024,145.3155,145.681,146.3652,144.5753
07/08/2024,145.5907,144.283,145.6623,143.2174
07/05/2024,145.7074,143.8836,146.7137,143.8303
07/03/2024,142.1137,139.1576,143.0275,139.1576
07/02/2024,137.1683,136.3783,138.1081,135.5542
07/01/2024,136.2031,137.8467,138.8792,136.2031
06/28/2024,137.3693,139.13,139.6669,136.458
06/27/2024,138.0412,138.5097,139.1133,137.9122
06/26/2024,137.0368,135.678,137.3902,135.3213
06/25/2024,136.6807,137.4505,137.5199,136.5896
06/24/2024,138.2089,138.6851,139.6776,137.8894
06/21/2024,137.6626,138.90,138.9054,136.4441
06/20/2024,139.1653,137.201,139.8557,136.8016
06/18/2024,135.6973,133.9351,136.3822,133.4059
06/17/2024,133.9336,134.3079,134.6369,132.5114
06/14/2024,135.0053,135.0739,135.31,133.3495
06/13/2024,134.1092,137.0228,137.7119,133.6206
06/12/2024,137.6663,139.7915,140.7939,137.0983
06/11/2024,136.714,136.8552,136.8905,135.1388
06/10/2024,138.1761,136.6754,138.1871,135.5716
06/07/2024,136.1956,140.7346,141.1632,135.8412
06/06/2024,145.3785,141.1645,145.4567,140.9421
06/05/2024,140.8302,139.2782,141.0528,138.2573
06/04/2024,138.6537,142.5612,142.6822,137.7484
06/03/2024,145.0652,145.3829,145.723,144.0974
05/31/2024,145.1583,146.7533,147.422,143.5931
05/30/2024,145.9187,144.3359,146.9448,144.3359
05/29/2024,144.2858,145.9592,146.5871,144.1561
05/28/2024,147.3733,146.4639,147.7662,145.6419
05/24/2024,143.4659,143.1712,144.504,143.1022
05/23/2024,141.8435,144.2056,144.866,141.4505
05/22/2024,144.6997,148.9377,148.9537,144.0232
05/21/2024,150.499,150.2752,151.2349,149.4333
05/20/2024,151.3582,150.1593,152.0181,148.2982
05/17/2024,149.2254,146.4869,149.2743,145.6024
05/16/2024,143.8152,143.7784,144.7745,142.7285
05/15/2024,144.6737,144.5779,145.3493,141.6261
05/14/2024,143.0975,141.9166,143.1771,141.3545
05/13/2024,141.0421,141.706,143.1772,140.2088
05/10/2024,142.237,144.0817,144.4716,142.1786
05/09/2024,142.1687,139.1682,142.5332,139.1682
05/08/2024,137.6986,136.4699,138.7579,136.3836
05/07/2024,137.7494,136.9684,138.1559,136.9305
05/06/2024,137.6656,137.581,138.5444,137.1901
05/03/2024,134.5566,135.1834,135.8817,133.4329
05/02/2024,134.2999,133.2583,135.1518,132.4004
05/01/2024,134.2447,134.7473,137.7567,133.3176
04/30/2024,133.4474,136.2881,136.9339,133.3845
04/29/2024,139.7789,139.2677,140.3247,136.9476
04/26/2024,138.6752,139.1297,139.5139,137.3633
04/25/2024,137.22,132.6092,138.0025,132.0133
04/24/2024,133.0532,132.3727,133.1674,131.788
04/23/2024,132.8568,129.6705,133.208,129.6705
04/22/2024,131.0103,132.6216,133.1639,130.083
04/19/2024,136.0103,135.0568,136.7201,134.8813
04/18/2024,135.2866,136.1491,136.6554,134.3593
04/17/2024,134.7263,134.176,136.4545,133.1214
04/16/2024,132.945,132.6142,133.7652,130.5978
04/15/2024,134.7145,137.0162,137.2273,133.6102
04/12/2024,136.1106,141.2454,143.838,135.1643
04/11/2024,138.6908,138.1941,138.8839,135.5823
04/10/2024,136.7924,135.5348,138.0982,134.462
04/09/2024,138.6206,138.1261,140.1528,137.4058
04/08/2024,135.6542,137.871,138.4269,134.5684
04/05/2024,136.3455,132.2255,136.756,132.2052
04/04/2024,132.6358,133.8544,134.6163,132.3771
04/03/2024,134.3296,130.507,134.5469,130.507
04/02/2024,130.5791,129.5721,130.778,129.0085
04/01/2024,128.8041,129.5953,130.3535,127.7639
03/28/2024,127.0014,124.8415,127.2531,124.4468
03/27/2024,123.7289,119.8313,123.7459,119.8313
03/26/2024,119.4572,121.6844,121.7881,119.4296
03/25/2024,120.0281,120.3268,122.2267,119.909
03/22/2024,119.2108,119.8871,121.0135,119.1937
03/21/2024,120.8515,122.8295,124.0206,120.8019
03/20/2024,121.3242,116.5127,122.4136,116.5127
03/19/2024,116.8269,118.1995,118.3194,116.7111
03/18/2024,119.3566,119.6816,120.3166,119.194
03/15/2024,120.5047,119.4122,120.9359,119.1225
03/14/2024,119.6864,119.8159,120.4616,118.9431
03/13/2024,121.3526,118.5649,121.9902,118.5649
03/12/2024,118.0789,117.5563,118.238,116.5134
03/11/2024,119.989,117.1715,120.526,117.1715
03/08/2024,117.3557,118.253,118.5638,116.8371
03/07/2024,117.523,116.3558,117.5527,116.1596
03/06/2024,115.2761,113.9549,116.5738,113.9549
03/05/2024,113.0061,114.1265,114.8624,112.7423
03/04/2024,112.9877,109.9913,113.0237,109.7986
03/01/2024,108.6492,105.9503,109.0357,104.9438
02/29/2024,105.372,104.9533,106.361,104.8287
02/28/2024,102.9405,103.7516,103.7991,102.6021
02/27/2024,104.3898,105.6592,105.8838,104.3898
02/26/2024,105.1938,105.2572,105.2686,104.239
02/23/2024,106.7229,104.8367,106.9234,103.9159
02/22/2024,104.8473,106.5367,106.618,104.7356
02/21/2024,107.043,107.1437,107.1444,105.7607
02/20/2024,107.8375,108.3966,108.8686,107.1926
02/16/2024,107.8594,107.4106,108.9401,106.8919
02/15/2024,107.4949,105.5397,108.4971,105.5397
02/14/2024,104.2731,103.8202,104.2991,102.8552
02/13/2024,103.7045,107.6499,107.6556,102.8516
02/12/2024,110.5455,109.2897,111.045,109.2133
02/09/2024,109.3202,110.1144,110.1144,108.6738
02/08/2024,110.5123,111.0135,111.2168,110.2712
02/07/2024,111.6996,112.4837,112.8675,111.4585
02/06/2024,112.8952,111.7985,113.2057,111.6658
02/05/2024,111.4853,112.2029,112.5816,110.6464
02/02/2024,114.063,115.0105,115.1631,112.4969
02/01/2024,117.5389,114.5715,117.718,114.525
01/31/2024,113.5418,114.4775,116.2593,113.3219
01/30/2024,114.1887,115.1416,115.727,113.5128
01/29/2024,115.1416,114.4246,115.3547,113.0824
01/26/2024,113.741,114.4739,115.1897,113.5783
01/25/2024,114.1637,113.8626,114.6392,113.1933
01/24/2024,112.7004,116.908,117.2254,112.6597
01/23/2024,115.1759,113.6692,115.3435,113.5275
01/22/2024,112.6979,111.6423,113.2492,111.2261
01/19/2024,112.9372,112.9417,113.0175,111.4314
01/18/2024,112.6543,112.9834,113.0465,112.0491
01/17/2024,112.7757,113.9658,113.9658,112.2167
01/16/2024,115.9031,118.8305,118.8724,115.7742
01/12/2024,120.6427,120.3148,122.7228,120.0783
01/11/2024,117.4414,118.6851,119.1221,116.2039
01/10/2024,118.5516,118.661,119.0221,117.4616
01/09/2024,118.6564,120.2029,120.2913,118.2419
01/08/2024,120.5398,118.4427,120.9455,118.3703
01/05/2024,120.2964,120.1857,122.6065,119.5507
01/04/2024,120.6114,119.9755,121.0013,118.8864
01/03/2024,120.3193,121.1185,121.1642,119.4515
01/02/2024,123.5865,125.2807,126.3035,123.2774
12/29/2023,125.6949,125.4695,126.2247,124.3704
12/28/2023,126.5371,128.9505,129.4187,126.4848
12/27/2023,129.5807,129.0123,130.3927,128.8893
12/26/2023,128.3038,128.4887,128.9701,127.5224
12/22/2023,127.9384,129.0411,130.916,127.8087
12/21/2023,126.9481,126.45,127.5919,126.3106
12/20/2023,124.9015,127.8255,127.9618,124.851
12/19/2023,127.7519,124.8559,128.6081,124.5159
12/18/2023,124.193,124.4367,124.7844,123.2232
12/15/2023,123.7632,123.8912,124.8498,122.881
12/14/2023,124.2549,123.2416,126.4003,123.1006
12/13/2023,121.0491,113.6623,121.1082,113.4382
12/12/2023,113.9294,116.9779,117.0207,113.6261
12/11/2023,117.0533,116.3461,117.1844,115.19
12/08/2023,118.0913,117.5053,119.4643,116.9036
12/07/2023,119.5148,120.2471,120.3775,118.5723
12/06/2023,120.0032,121.1281,121.9503,119.9484
12/05/2023,120.0778,121.8797,121.9056,119.1923
12/04/2023,122.4502,123.2191,123.7718,121.55
12/01/2023,125.7954,123.13,125.9395,122.8237
11/30/2023,123.35,122.3593,123.4302,121.63
11/29/2023,123.047,122.9762,123.5039,122.1978
11/28/2023,123.398,119.9477,123.4305,119.4002
11/27/2023,118.5702,118.134,119.051,117.1639
11/24/2023,116.666,116.0243,117.5158,116.0243
11/22/2023,116.0162,116.0378,116.3409,115.0339
11/21/2023,115.4847,114.7793,117.2604,114.7752
11/20/2023,113.0849,111.8213,113.2008,111.316
11/17/2023,112.9161,114.0142,114.4261,112.6166
11/16/2023,113.3548,112.0234,115.1344,112.0234
11/15/2023,111.5783,112.1666,112.606,110.9605
11/14/2023,112.123,109.05,112.7346,108.6196
11/13/2023,106.7207,107.537,108.3945,106.6965
11/10/2023,107.8898,108.4543,108.5213,106.946
11/09/2023,108.8923,109.0306,111.4768,108.0479
11/08/2023,109.1608,111.5091,112.0239,108.6509
11/07/2023,112.3323,113.4915,113.7077,110.37
11/06/2023,115.0481,115.8665,116.4045,114.9601
11/03/2023,116.2481,112.9168,117.3528,112.908
11/02/2023,111.5427,111.5922,112.0267,110.1925
11/01/2023,110.6942,111.704,111.7705,109.0799
10/31/2023,111.2504,113.054,113.9756,110.3337
10/30/2023,113.7032,115.2847,115.6091,113.1779
10/27/2023,115.0735,113.5176,115.1391,111.7143
10/26/2023,112.8933,113.9931,114.2438,111.2465
10/25/2023,113.8262,115.0534,116.7453,113.8262
10/24/2023,115.7182,114.3582,116.0423,114.3409
10/23/2023,115.593,115.5831,116.7575,112.9003
10/20/2023,116.3305,116.9921,118.9585,116.2802
10/19/2023,116.4786,116.3092,116.8789,114.8878
10/18/2023,116.5791,118.5336,119.3207,116.1962
10/17/2023,117.2196,114.6331,117.2393,114.356
10/16/2023,114.7301,113.9958,115.4954,113.5108
10/13/2023,114.3455,112.6142,114.97,112.4732
10/12/2023,109.593,112.0427,112.3297,108.9775
10/11/2023,112.075,111.5349,112.1027,110.4958
10/10/2023,109.8483,109.4676,110.1463,108.8212
10/09/2023,108.938,108.6702,109.3183,108.1838
10/06/2023,106.6562,104.7135,107.3863,104.2709
10/05/2023,104.3724,103.0496,104.3724,102.7731
10/04/2023,103.3142,104.1241,104.3081,102.4355
10/03/2023,104.2188,102.9798,104.8167,102.3931
10/02/2023,103.5299,105.8617,105.8617,102.9861
09/29/2023,107.4776,109.5928,109.9293,106.4979
09/28/2023,107.8573,107.1593,107.9135,106.3816
09/27/2023,107.1889,109.3834,109.4897,106.1203
09/26/2023,110.0503,112.5647,112.5665,110.0312
09/25/2023,113.4079,113.6039,114.0059,112.2754
09/22/2023,114.5751,116.2769,116.9539,114.5223
09/21/2023,115.0942,115.4733,116.3324,114.666
09/20/2023,118.0547,117.3171,119.6512,117.2577
09/19/2023,116.9369,119.1734,119.1922,116.6789
09/18/2023,118.9308,118.7974,119.3618,117.6781
09/15/2023,118.6749,117.4633,119.3442,117.4633
09/14/2023,116.3841,114.9139,117.2705,114.8868
09/13/2023,114.6826,115.1034,115.6904,114.3368
09/12/2023,114.9998,114.0084,116.0618,114.0084
09/11/2023,114.8794,114.445,115.7543,114.3761
09/08/2023,113.1553,113.2501,115.0291,113.0891
09/07/2023,113.2008,113.594,113.594,112.793
09/06/2023,114.0513,113.675,115.0934,113.3166
09/05/2023,114.4034,116.1266,116.9882,114.1224
09/01/2023,117.3788,119.3967,120.272,117.3528
08/31/2023,117.8599,119.0064,119.191,117.2169
08/30/2023,119.1904,120.1745,120.8662,118.6714
08/29/2023,119.1939,116.8577,119.2307,116.3385
08/28/2023,117.1502,114.7556,117.523,114.7052
08/25/2023,114.404,115.6216,116.1628,113.1494
08/24/2023,115.6168,115.5897,116.8989,114.4481
08/23/2023,116.3391,113.7976,116.9347,113.7277
08/22/2023,112.8076,112.371,112.8609,111.2689
08/21/2023,111.973,111.715,112.2445,110.6008
08/18/2023,111.6751,111.8496,111.9229,110.9401
08/17/2023,112.3621,113.3741,113.7816,111.9415
08/16/2023,112.9211,113.9789,114.3192,112.7866
08/15/2023,114.4025,117.0126,117.2049,114.0922
08/14/2023,117.6005,117.9095,118.1506,116.3727
08/11/2023,119.2766,117.5636,119.3081,117.3423
08/10/2023,118.079,118.9159,119.6137,117.3801
08/09/2023,117.8928,118.6497,118.9518,117.3853
08/08/2023,118.4018,117.2038,118.617,116.1149
08/07/2023,118.7465,119.3304,119.5159,117.9381
08/04/2023,119.6257,119.2934,120.7677,119.0795
08/03/2023,118.4485,118.5212,119.7572,117.9538
08/02/2023,119.067,121.8999,121.9535,118.6166
08/01/2023,122.5591,123.7444,124.4263,122.4772
07/31/2023,127.0613,124.8543,128.0003,124.8043
07/28/2023,124.2727,124.0086,124.5771,123.1907
07/27/2023,122.8154,126.9535,126.9832,122.8035
07/26/2023,127.6431,127.8593,128.1314,126.4543
07/25/2023,128.1786,126.648,128.6484,126.6222
07/24/2023,126.3072,126.3322,126.9268,125.0827
07/21/2023,126.4795,126.0719,126.9028,125.8902
07/20/2023,126.7096,129.4637,129.759,126.6658
07/19/2023,129.7392,129.5814,130.0503,129.0541
07/18/2023,129.6497,128.4651,130.7697,127.9144
07/17/2023,127.2627,126.4237,127.591,125.2796
07/14/2023,127.1454,128.0926,128.8834,127.1454
07/13/2023,128.0804,127.9473,128.5223,127.5629
07/12/2023,126.9775,122.5937,127.3507,122.5833
07/11/2023,120.6258,120.3178,121.2567,119.8328
07/10/2023,119.6397,116.5364,119.8649,116.4018
07/07/2023,117.1054,116.4601,118.3362,116.3554
07/06/2023,115.6824,117.6887,117.7682,115.0264
07/05/2023,118.5972,121.7662,121.7662,118.5625
07/03/2023,121.9657,120.5949,122.4029,120.5278
06/30/2023,120.0301,118.3705,120.0617,117.896
06/29/2023,118.0029,115.4595,118.0675,115.2417
06/28/2023,116.6226,117.5591,117.914,116.246
06/27/2023,118.3731,119.674,120.0726,117.2582
06/26/2023,119.4632,118.9266,120.3957,118.1262
06/23/2023,118.3061,119.5022,120.3742,117.9939
06/22/2023,118.9492,117.9846,119.0089,117.6343
06/21/2023,119.2668,118.9536,119.8055,117.6584
06/20/2023,119.6285,122.2291,122.3019,119.5143
06/16/2023,124.2542,123.4797,125.4615,122.7282
06/15/2023,123.1558,122.8789,123.4062,121.7019
06/14/2023,123.2997,125.0964,125.4697,122.3009
06/13/2023,123.5954,124.8306,126.0805,123.2511
06/12/2023,123.9029,123.2478,124.076,122.3337
06/09/2023,123.8915,125.0747,125.277,123.6802
06/08/2023,125.4908,125.4945,126.7812,124.9918
06/07/2023,124.0441,126.1597,128.2424,123.6289
06/06/2023,125.7369,125.1932,125.7715,124.3197
06/05/2023,125.309,124.7567,125.9709,124.3429
06/02/2023,125.3447,127.14,127.7893,124.4234
06/01/2023,126.3964,123.025,127.5428,123.025
05/31/2023,122.3883,120.4267,123.4052,120.3989
05/30/2023,120.5218,122.0826,122.1149,119.9524
05/26/2023,121.7072,122.637,123.0134,120.9005
05/25/2023,121.1156,122.2449,122.4905,120.7549
05/24/2023,123.6435,126.8177,126.8177,123.3345
05/23/2023,126.8713,126.3483,127.481,125.767
05/22/2023,127.4936,127.6485,128.437,127.4755
05/19/2023,127.842,127.7436,129.4408,126.612
05/18/2023,127.2965,128.0862,128.1346,125.6614
05/17/2023,130.258,130.5338,130.9032,129.1725
05/16/2023,131.1305,133.5929,134.3596,130.5196
05/15/2023,134.6755,134.1131,135.4193,133.8902
05/12/2023,133.5172,132.8409,134.1722,132.489
05/11/2023,133.458,136.8783,137.6157,133.3963
05/10/2023,138.9054,140.282,140.3817,137.1377
05/09/2023,140.0631,139.714,140.8313,139.3266
05/08/2023,140.1503,141.2365,142.0542,139.5847
05/05/2023,140.5926,138.3555,141.321,137.2101
05/04/2023,141.1126,139.3914,143.1644,139.3827
05/03/2023,137.8427,137.4111,139.1165,136.9797
05/02/2023,137.5763,133.123,137.613,132.4243
05/01/2023,133.3476,135.6737,136.7819,133.3179
04/28/2023,133.9814,134.4876,135.0865,133.2623
04/27/2023,134.5997,132.0266,134.604,131.9508
04/26/2023,133.0704,135.6612,135.8063,132.735
04/25/2023,134.4394,134.3049,134.763,132.3467
04/24/2023,134.9667,134.1654,135.2166,133.1865
04/21/2023,134.2128,134.7911,135.5244,132.7791
04/20/2023,135.9416,136.8447,137.8637,135.7082
04/19/2023,136.093,136.7282,137.525,135.7977
04/18/2023,138.9202,138.8073,141.2275,138.3459
04/17/2023,138.2645,140.3664,140.4529,137.5652
04/14/2023,141.5376,142.1436,143.0419,138.7933
04/13/2023,144.3657,142.8739,145.1455,142.755
04/12/2023,140.2985,141.006,141.3582,138.8104
04/11/2023,139.0444,138.4842,140.7581,138.261
04/10/2023,137.3594,136.8692,137.4795,136.049
04/06/2023,138.6854,137.1096,138.7092,135.9698
04/05/2023,138.2031,139.4034,139.8228,136.3888
04/04/2023,138.0262,133.7149,138.4517,133.0173
04/03/2023,133.7249,131.5863,134.5957,131.0125
03/31/2023,131.4418,131.8531,132.6041,130.3272
03/30/2023,132.0109,131.2486,132.1283,130.5436
03/29/2023,129.9984,129.3805,131.313,129.1578
03/28/2023,130.3041,127.8022,130.3744,126.8924
03/27/2023,127.2922,124.549,127.315,124.2168
03/24/2023,127.0296,126.4622,127.8243,124.9764
03/23/2023,125.5922,124.4091,127.1522,123.8908
03/22/2023,123.2553,121.8691,125.5584,121.483
03/21/2023,121.5023,123.7906,123.8004,120.2503
03/20/2023,125.6664,125.3351,126.0426,124.5057
03/17/2023,123.8636,119.4306,125.1389,119.0565
03/16/2023,118.1575,118.4593,118.4851,115.6122
03/15/2023,118.5582,120.3786,120.6899,117.2397
03/14/2023,119.1067,117.708,119.6144,117.2685
03/13/2023,117.9444,114.2123,118.9532,114.2123
03/10/2023,111.5901,112.2907,114.8354,111.3416
03/09/2023,110.5276,112.0145,113.1846,110.0935
03/08/2023,111.248,112.0099,113.4237,110.5977
03/07/2023,111.6943,115.3779,115.5222,111.1258
03/06/2023,116.7899,118.1192,118.517,116.2182
03/03/2023,118.9045,118.0793,118.9482,117.0956
03/02/2023,116.9527,115.9947,116.958,115.5266
03/01/2023,116.9363,115.4474,117.5302,115.1508
02/28/2023,113.7244,112.5677,114.7966,111.8569
02/27/2023,112.7478,112.3039,113.3734,112.0358
02/24/2023,111.8367,111.1726,111.8367,110.3597
02/23/2023,112.8746,113.9372,114.4501,112.1333
02/22/2023,114.1421,115.5785,115.5817,113.3325
02/21/2023,116.3632,117.107,118.0601,115.7157
02/17/2023,117.642,117.3122,117.8551,115.408
02/16/2023,119.2935,118.2269,120.2925,116.7536
02/15/2023,119.3113,120.2875,120.2875,118.0322
02/14/2023,122.8335,121.5485,123.4819,120.5726
02/13/2023,122.6073,122.5635,123.3515,121.4745
02/10/2023,123.4366,123.954,124.3955,122.3524
02/09/2023,124.1311,128.1082,128.6398,123.6396
02/08/2023,126.6637,127.9025,128.1238,126.2745
02/07/2023,127.6624,126.579,128.9617,125.7425
02/06/2023,126.204,126.5638,126.6845,125.2255
02/03/2023,127.6037,129.1497,130.5055,127.0998
02/02/2023,132.5895,136.6612,137.0014,131.3293
02/01/2023,136.1006,132.9796,137.1582,131.9781
01/31/2023,133.5136,131.9231,133.61,131.6559
01/30/2023,132.8577,134.1731,134.8871,132.8577
01/27/2023,134.7912,135.6475,136.162,134.1204
01/26/2023,136.8872,138.7555,138.8742,135.4561
01/25/2023,139.1578,135.5108,139.3689,135.5024
01/24/2023,136.5497,135.4844,136.8673,133.3766
01/23/2023,135.4977,134.2281,135.5717,132.8181
01/20/2023,135.6664,132.7912,135.7205,131.8412
01/19/2023,133.5883,131.3968,134.3267,130.7094
01/18/2023,131.1598,134.2139,135.1908,131.1598
01/17/2023,132.2486,135.2696,135.4627,131.7452
01/13/2023,136.6999,135.3396,137.1938,135.1007
01/12/2023,135.1004,135.1327,135.8142,132.8778
01/11/2023,133.0755,134.6995,134.8834,131.8137
01/10/2023,133.9512,132.0257,134.1108,131.0383
01/09/2023,131.3287,133.3788,133.9091,131.2182
01/06/2023,132.0412,130.9032,132.9813,129.1714
01/05/2023,128.8957,127.2838,128.9422,126.2231
01/04/2023,129.6912,126.3805,130.1234,126.2683
01/03/2023,124.1899,122.5951,126.5273,122.4904
12/30/2022,120.857,121.4943,121.8318,119.8911
12/29/2022,121.6226,122.2069,123.1572,121.3614
12/28/2022,121.0708,123.7644,123.969,120.6815
12/27/2022,124.8474,122.4317,126.1171,122.2445
12/23/2022,121.8884,121.2343,122.8632,119.5425
12/22/2022,121.086,120.5672,121.1327,118.2653
12/21/2022,121.919,121.5825,122.9159,121.2774
12/20/2022,120.6208,117.5601,121.3638,117.3708
12/19/2022,115.6673,118.2986,118.5559,115.1675
12/16/2022,117.5809,116.347,118.6157,115.6125
12/15/2022,116.891,119.0491,119.4564,116.8555
12/14/2022,122.0206,122.6948,123.2548,120.2758
12/13/2022,122.8174,124.0421,125.6482,121.5562
12/12/2022,119.9248,118.5078,119.9418,117.6654
12/09/2022,119.8965,122.7752,124.2503,119.8757
12/08/2022,121.7707,123.4405,123.5228,121.3888
12/07/2022,121.5576,120.6652,122.6976,120.5648
12/06/2022,119.4075,121.9293,122.3526,119.1633
12/05/2022,120.1885,123.5951,123.6638,119.8056
12/02/2022,124.3967,122.207,124.9582,121.2182
12/01/2022,124.3717,123.0416,124.9982,121.8012
11/30/2022,120.7296,118.6547,121.2691,116.7412
11/29/2022,116.5926,114.9701,117.2328,114.8452
11/28/2022,113.3551,117.5973,117.7197,113.2249
11/25/2022,118.2579,119.3677,119.5879,117.8621
11/23/2022,119.5157,117.5641,119.7353,116.9143
11/22/2022,118.1717,114.2816,118.1945,114.0449
11/21/2022,113.0432,112.8836,113.1914,111.1748
11/18/2022,113.8006,112.7408,113.8214,112.045
11/17/2022,112.8064,112.3622,113.1045,111.4619
11/16/2022,114.8914,115.433,116.3032,114.7253
11/15/2022,115.9516,118.0089,118.1032,114.907
11/14/2022,117.2019,116.7464,118.1521,116.2077
11/11/2022,117.4019,116.5791,117.5669,115.7749
11/10/2022,116.379,113.3017,116.8588,113.2275
11/09/2022,108.9591,111.9903,112.661,108.4807
11/08/2022,112.1432,106.5312,113.666,106.1676
11/07/2022,106.6448,106.9108,107.2678,105.0065
11/04/2022,106.3024,100.1573,106.4141,100.0766
11/03/2022,96.9746,97.9306,98.6847,96.3588
11/02/2022,99.2374,105.9767,106.3708,99.092
11/01/2022,105.4331,106.2863,107.4376,105.2618
10/31/2022,103.3085,103.3489,104.5853,102.9478
10/28/2022,104.8794,103.7181,104.8991,102.8696
10/27/2022,105.6516,106.8567,107.8432,105.5825
10/26/2022,107.123,105.5789,108.676,105.5599
10/25/2022,103.8639,102.3996,104.3929,102.3996
10/24/2022,102.3805,102.2441,102.6741,100.5607
10/21/2022,103.6947,99.1068,103.9032,98.7928
10/20/2022,98.6479,97.4769,100.9837,97.2141
10/19/2022,97.2813,98.1983,98.348,96.6653
10/18/2022,99.9836,100.1453,100.7458,98.6717
10/17/2022,99.0766,99.0414,100.6555,98.8811
10/14/2022,96.4173,100.1928,100.4104,96.1341
10/13/2022,100.9574,98.6215,101.3613,95.3247
10/12/2022,101.8306,100.8033,102.3979,100.0524
10/11/2022,101.0801,101.9764,104.0407,100.5822
10/10/2022,101.8905,102.0165,103.8186,101.5045
10/07/2022,103.3058,107.0804,107.2859,103.2208
10/06/2022,108.3781,106.7219,108.6021,105.9049
10/05/2022,107.2849,106.623,107.3285,104.607
10/04/2022,108.8997,107.8461,110.4709,107.3248
10/03/2022,105.9987,102.6659,105.9987,102.6288
09/30/2022,100.9057,99.2802,103.013,98.6282
09/29/2022,99.3503,97.7273,99.4477,96.2314
09/28/2022,98.1746,93.7418,98.288,93.6688
09/27/2022,92.0576,93.1433,94.3434,91.8346
09/26/2022,91.4024,93.1105,94.371,90.0832
09/23/2022,93.8109,96.7336,96.7645,92.5075
09/22/2022,99.0273,100.3656,101.5771,98.6582
09/21/2022,99.5325,100.3723,102.4483,98.1249
09/20/2022,99.7217,100.7801,100.7801,98.6929
09/19/2022,102.4249,98.3655,102.4878,98.3184
09/16/2022,99.7607,97.7868,101.2368,96.7459
09/15/2022,99.1789,101.133,102.4493,98.2963
09/14/2022,102.2603,102.8615,103.847,101.9733
09/13/2022,102.3809,103.4751,105.0282,102.1371
09/12/2022,106.5771,107.1117,107.666,105.9334
09/09/2022,105.0001,103.6454,105.0637,103.1015
09/08/2022,102.0742,99.7907,102.0742,99.5446
09/07/2022,100.6772,96.5021,101.1629,95.8813
09/06/2022,97.0794,98.7789,100.2302,96.7831
09/02/2022,98.0675,96.8121,99.7848,95.8307
09/01/2022,94.7051,95.9751,96.305,94.4226
08/31/2022,98.0521,98.8389,99.8317,98.0494
08/30/2022,99.6074,102.0681,102.2442,98.9307
08/29/2022,102.5092,102.9258,104.6591,102.0594
08/26/2022,103.8399,109.0477,109.2431,103.0738
08/25/2022,108.7666,108.655,108.8302,107.2594
08/24/2022,107.7685,105.5091,107.7931,104.9638
08/23/2022,106.2173,104.5826,108.1957,104.548
08/22/2022,103.9199,102.9022,104.1829,102.2063
08/19/2022,104.0673,105.8105,105.8445,103.9081
08/18/2022,106.7349,106.2546,107.194,105.8662
08/17/2022,106.0047,109.1724,109.2408,105.5962
08/16/2022,110.0961,109.2855,110.2234,108.2618
08/15/2022,109.542,109.2291,109.8019,107.9097
08/12/2022,111.6197,109.8295,111.8244,109.7608
08/11/2022,109.4317,111.7063,112.7715,109.2455
08/10/2022,111.7961,111.4442,113.5951,110.7586
08/09/2022,110.4554,111.5235,111.5456,108.6792
08/08/2022,110.6683,109.9108,111.9392,109.9108
08/05/2022,107.9984,105.9565,108.0172,104.3399
08/04/2022,108.1842,105.6372,109.5752,105.0268
08/03/2022,104.5617,106.9245,106.9567,103.6456
08/02/2022,106.4751,108.6553,110.4718,106.4194
08/01/2022,107.9769,109.2182,109.2182,107.1291
07/29/2022,108.733,107.5071,109.2859,105.248
07/28/2022,107.0244,107.2859,108.2892,105.3394
07/27/2022,104.1855,102.3069,104.7155,101.1449
07/26/2022,102.2488,101.1735,102.7489,101.0932
07/25/2022,100.6479,103.1546,103.2203,99.8149
07/22/2022,103.0569,105.9938,107.9611,102.7188
07/21/2022,104.3915,102.9986,105.1393,102.276
07/20/2022,103.0185,105.7664,106.9976,103.0051
07/19/2022,105.8656,105.133,107.0631,104.6188
07/18/2022,104.6451,105.2052,106.81,104.6417
07/15/2022,103.2388,103.993,104.1782,101.1616
07/14/2022,103.4354,104.1586,104.6293,100.5568
07/13/2022,108.2689,105.0262,110.2092,104.5908
07/12/2022,105.664,106.9305,108.4413,104.891
07/11/2022,107.6012,107.5922,109.6973,107.4361
07/08/2022,108.9675,110.3161,111.1769,107.8725
07/07/2022,109.7363,108.9992,111.579,108.707
07/06/2022,107.794,108.2518,108.8794,104.537
07/05/2022,108.1452,112.5944,112.5975,105.9606
07/01/2022,114.0991,109.6342,114.7643,108.7684
06/30/2022,111.118,114.7784,115.2717,110.7778
06/29/2022,115.7903,118.6283,118.8796,114.565
06/28/2022,117.0491,120.9013,121.0018,116.8833
06/27/2022,120.2514,119.3345,120.552,117.8818
06/24/2022,119.3368,115.8352,119.5137,114.5892
06/23/2022,115.8041,119.5956,120.9081,114.7822
06/22/2022,120.2811,121.9401,123.7735,120.2694
06/21/2022,122.8579,121.2813,124.6156,121.2677
06/17/2022,121.42,122.8669,122.9802,120.3983
06/16/2022,123.3185,120.6741,124.3745,118.3867
06/15/2022,121.8962,122.7254,124.1711,118.8019
06/14/2022,120.6074,123.6241,123.6738,119.2272
06/13/2022,123.7432,129.4913,129.891,123.6493
06/10/2022,132.9215,125.6091,133.8417,124.1251
06/09/2022,127.1515,130.8819,131.0433,127.1473
06/08/2022,132.0553,132.3501,133.2835,131.0603
06/07/2022,132.9894,131.9067,133.5251,131.314
06/06/2022,132.2598,134.6394,135.2266,131.2648
06/03/2022,133.5852,135.3074,136.5487,133.1295
06/02/2022,136.779,131.8147,137.3955,131.6998
06/01/2022,129.793,129.6506,130.9421,128.1854
05/31/2022,128.7648,132.7359,134.5432,127.8308
05/27/2022,132.0894,132.7141,132.9683,131.0204
05/26/2022,131.2799,131.1175,132.732,130.3147
05/25/2022,131.6301,130.8391,132.0485,129.7784
05/24/2022,132.4706,130.886,133.0469,129.2878
05/23/2022,130.4307,132.2118,132.3203,129.0286
05/20/2022,129.5181,130.465,130.4883,127.3902
05/19/2022,130.0431,125.9324,131.2709,125.8788
05/18/2022,123.4601,126.9141,127.0408,123.3847
05/17/2022,127.3207,127.6729,128.6869,125.8239
05/16/2022,125.807,124.873,126.4867,124.5011
05/13/2022,124.8699,121.8022,126.1321,121.6997
05/12/2022,122.1882,125.6151,125.8493,119.7694
05/11/2022,128.0056,130.3935,132.857,127.6131
05/10/2022,128.3773,132.0396,132.5683,126.2797
05/09/2022,129.9558,134.3825,135.552,129.7594
05/06/2022,138.5108,139.38,140.3763,137.5876
05/05/2022,140.4812,147.1244,147.231,138.4978
05/04/2022,145.9891,142.7702,146.3494,141.2723
05/03/2022,143.0832,141.1098,144.5364,141.1098
05/02/2022,140.5137,139.543,140.5592,136.7876
04/29/2022,142.6141,146.0645,147.3382,142.4866
04/28/2022,144.0817,141.2084,144.5519,140.2519
04/27/2022,141.2065,142.2532,144.0778,141.0079
04/26/2022,141.9196,146.3182,146.9277,141.8829
04/25/2022,145.7985,146.3128,147.631,142.0128
04/22/2022,151.1392,153.9607,154.8952,150.1859
04/21/2022,156.4776,163.2553,163.377,154.8068
04/20/2022,165.2184,163.3605,165.6284,161.5316
04/19/2022,163.5471,165.1996,166.7659,162.598
04/18/2022,167.7631,169.7602,171.4253,167.7224
04/14/2022,167.7552,166.8465,168.5505,165.388
04/13/2022,167.6171,165.6113,168.1727,164.8545
04/12/2022,163.9634,164.8207,167.0474,162.9612
04/11/2022,162.7691,165.964,166.7568,161.153
04/08/2022,163.6745,161.1201,164.3349,161.0338
04/07/2022,159.9164,158.3323,160.9412,157.6544
04/06/2022,157.9933,159.1476,159.7205,156.286
04/05/2022,158.0859,162.9752,165.3385,157.4014
04/04/2022,162.2516,163.9128,164.6381,160.174
04/01/2022,163.1953,157.7388,163.3323,157.7388
03/31/2022,158.423,159.7487,161.2439,158.3964
03/30/2022,159.7089,158.4025,160.617,158.2917
03/29/2022,157.4829,152.5769,157.5149,151.30
03/28/2022,156.1592,158.1215,158.645,155.3956
03/25/2022,160.7893,159.0979,160.8617,158.568
03/24/2022,160.5969,161.9136,164.2175,160.0642
03/23/2022,160.5455,158.963,160.8631,157.5403
03/22/2022,157.4417,158.8521,158.8551,155.5776
03/21/2022,159.1496,156.7897,161.0206,156.788
03/18/2022,155.8041,155.7411,157.5054,154.5767
03/17/2022,156.9471,155.431,159.937,155.3196
03/16/2022,153.0761,152.5728,154.101,149.5028
03/15/2022,153.1237,148.0215,154.6455,148.0215
03/14/2022,151.7849,155.4058,155.9232,149.9449
03/11/2022,158.725,157.1904,159.8899,155.5772
03/10/2022,160.6295,158.5859,162.0196,158.5859
03/09/2022,157.5399,154.833,158.2648,152.8686
03/08/2022,159.0849,158.6914,165.5451,156.0154
03/07/2022,157.652,155.5764,158.958,153.5879
03/04/2022,155.0497,150.6285,155.8346,150.5713
03/03/2022,150.1841,148.7349,150.2235,147.1718
03/02/2022,148.9116,147.6017,149.3444,146.2593
03/01/2022,149.3638,144.1162,149.5938,144.0654
02/28/2022,142.8142,144.0761,144.6749,141.5943
02/25/2022,142.9392,138.91,143.2902,138.6612
02/24/2022,140.4549,146.2488,146.9923,137.7879
02/23/2022,143.2598,139.7573,144.5611,139.6252
02/22/2022,140.0125,143.0624,143.8242,139.2056
02/18/2022,142.0829,143.0007,143.6813,140.9664
02/17/2022,143.5044,141.6094,144.4121,139.9931
02/16/2022,139.5015,137.0239,140.0328,137.0239
02/15/2022,135.7273,135.0139,135.9372,132.3259
02/14/2022,137.1641,136.1685,137.5175,135.1623
02/11/2022,134.9285,128.1486,136.0066,127.9631
02/10/2022,128.2372,130.76,133.1688,127.6014
02/09/2022,131.5963,131.1197,132.9769,130.9092
02/08/2022,131.3912,129.0479,131.3964,128.7415
02/07/2022,128.871,125.5758,129.4993,125.1362
02/04/2022,124.5764,123.4803,125.8474,123.4803
02/03/2022,124.1313,125.6686,126.0051,123.2081
02/02/2022,126.2431,126.68,128.1982,125.0737
02/01/2022,126.4582,126.1598,127.4944,124.645
01/31/2022,125.0125,121.9917,125.116,121.7319
01/28/2022,121.0913,120.9083,121.1353,119.0088
01/27/2022,122.1428,123.8221,126.0012,121.8356
01/26/2022,125.8055,128.8838,131.1655,124.7693
01/25/2022,129.8637,127.5122,130.4839,126.097
01/24/2022,128.4003,128.5215,128.9227,123.9852
01/21/2022,129.9938,134.5037,134.5037,129.3466
01/20/2022,133.902,137.1989,137.4311,133.8219
01/19/2022,136.4777,128.7337,136.9347,128.5561
01/18/2022,127.096,127.9504,129.9118,126.726
01/14/2022,128.5357,129.7623,129.7712,127.2914
01/13/2022,130.0015,131.4659,132.305,129.9502
01/12/2022,131.8876,130.1309,131.939,129.2586
01/11/2022,129.2732,126.7836,129.3012,125.8085
01/10/2022,126.4867,123.9053,126.4915,122.7405
01/07/2022,124.436,123.8687,125.0421,122.5316
01/06/2022,123.3809,125.484,126.141,123.3036
01/05/2022,127.6641,131.2128,133.1023,127.5381
01/04/2022,130.1628,130.2927,132.2186,129.7012
01/03/2022,129.7064,130.8095,130.8889,129.5152
12/31/2021,132.4543,132.3431,132.7403,131.376
12/30/2021,131.6777,129.8741,131.9215,129.8686
12/29/2021,129.6611,129.2271,131.1811,128.5509
12/28/2021,130.2468,130.7567,132.3001,130.1434
12/27/2021,130.7715,130.1559,131.6457,129.4133
12/23/2021,130.6124,129.2832,131.1593,128.4919
12/22/2021,129.6071,127.9413,129.7394,126.7105
12/21/2021,127.9845,127.1979,128.6035,126.2646
12/20/2021,126.3842,125.7257,126.4215,124.2109
12/17/2021,126.5878,127.0658,128.9117,126.3363
12/16/2021,126.5696,122.8965,126.7925,122.8965
12/15/2021,120.4256,121.5381,121.5381,117.2593
12/14/2021,122.2812,122.5911,124.4021,122.0573
12/13/2021,124.1545,124.1806,125.8119,123.5213
12/10/2021,124.0495,125.8581,125.8581,123.4968
12/09/2021,125.1981,126.7213,126.7767,124.6966
12/08/2021,128.8882,128.2891,129.1341,127.3615
12/07/2021,128.5983,127.5267,129.7958,127.446
12/06/2021,127.2316,125.4401,127.5541,124.2023
12/03/2021,125.5222,125.4418,126.112,123.3689
12/02/2021,125.1992,125.882,126.1422,123.1569
12/01/2021,125.9635,131.4362,133.5772,125.9116
11/30/2021,130.2202,131.861,135.0773,129.3813
11/29/2021,131.3531,130.4413,131.504,128.7822
11/26/2021,131.057,133.5575,133.9612,128.6608
11/24/2021,133.3271,132.7662,134.0536,132.2111
11/23/2021,133.4613,133.4337,134.5647,131.8065
11/22/2021,135.2846,135.0471,137.2379,132.8126
11/19/2021,137.7807,139.464,140.8397,137.7482
11/18/2021,140.3106,141.5925,142.1533,139.5459
11/17/2021,142.3004,142.32,144.5348,141.7031
11/16/2021,141.4815,143.9372,144.642,141.2674
11/15/2021,143.7449,143.462,144.1252,142.0219
11/12/2021,143.5931,141.4265,144.4712,140.8911
11/11/2021,142.9438,140.4677,143.4704,140.4471
11/10/2021,138.533,138.9421,141.8585,138.1867
11/09/2021,136.6118,135.3503,136.6515,133.411
11/08/2021,135.1988,135.0914,135.548,134.0383
11/05/2021,134.094,131.1786,134.094,130.4569
11/04/2021,130.4837,132.818,134.9987,130.3185
11/03/2021,131.5536,128.3597,132.0824,127.8085
11/02/2021,130.07,129.8075,130.0782,128.6721
11/01/2021,130.7217,129.5492,131.3744,128.6153
10/29/2021,129.6116,131.6738,131.6738,129.5232
10/28/2021,133.4997,134.8277,135.4638,133.1571
10/27/2021,135.1279,135.4085,136.672,134.7891
10/26/2021,136.1203,135.73,136.6008,135.0129
10/25/2021,136.7021,135.8025,137.5885,135.2241
10/22/2021,134.3423,135.471,138.4856,133.8153
10/21/2021,133.5065,133.121,133.6787,132.0503
10/20/2021,133.778,133.1167,134.8763,132.2347
10/19/2021,132.2654,133.2345,133.5675,131.1999
10/18/2021,130.5348,131.2665,131.9594,130.1833
10/15/2021,132.0603,130.7517,133.2161,130.0353
10/14/2021,132.8517,131.8155,133.1014,131.2592
10/13/2021,129.7807,126.0512,130.3915,126.0458
10/12/2021,125.1981,123.7394,125.7791,122.9237
10/11/2021,123.3116,124.0696,125.7095,123.1331
10/08/2021,123.754,125.68,126.6339,123.6658
10/07/2021,122.96,121.0262,124.0785,120.9967
10/06/2021,121.2895,118.6199,121.3354,117.7721
10/05/2021,119.199,118.891,119.4544,116.6674
10/04/2021,119.6434,118.4497,120.6942,118.4497
10/01/2021,118.4398,119.561,119.561,117.2795
09/30/2021,118.9604,117.9795,120.9985,117.6943
09/29/2021,117.0647,119.4781,119.5464,116.718
09/28/2021,119.9944,118.7685,120.3074,117.9656
09/27/2021,120.1411,119.9519,122.3613,119.3922
09/24/2021,119.7752,119.5654,121.3513,119.3135
09/23/2021,120.4864,122.1254,122.4236,120.3308
09/22/2021,122.7034,123.3545,125.6318,122.6116
09/21/2021,122.5184,123.4854,124.8238,121.9557
09/20/2021,122.5365,122.1595,122.8292,120.8318
09/17/2021,123.704,124.2082,124.2438,122.5396
09/16/2021,124.9425,128.6689,128.6904,123.5801
09/15/2021,131.2325,129.7995,132.1651,129.7995
09/14/2021,130.5332,130.7421,131.9143,129.478
09/13/2021,130.1166,128.5397,131.3289,127.8136
09/10/2021,128.4156,129.9435,130.8688,128.4001
09/09/2021,130.131,131.8959,131.9618,129.5508
09/08/2021,131.4264,132.0413,132.5435,130.4544
09/07/2021,132.3022,134.5682,135.3784,131.911
09/03/2021,136.0392,134.7886,137.2455,134.6115
09/02/2021,132.8015,132.5273,133.0986,131.6174
09/01/2021,132.66,134.6696,134.6942,132.5552
08/31/2021,134.063,132.3372,134.063,131.9983
08/30/2021,132.2022,134.8561,135.139,131.9215
08/27/2021,134.4645,129.2805,135.0246,128.8238
08/26/2021,129.1082,128.8906,130.7658,128.5032
08/25/2021,129.9092,130.8651,130.9601,128.9154
08/24/2021,132.0264,132.4323,132.8571,131.189
08/23/2021,131.4614,128.7664,132.1463,128.0228
08/20/2021,125.887,124.9141,127.0028,124.9141
08/19/2021,125.7768,127.8271,127.8271,125.2017
08/18/2021,128.4939,131.9106,131.9115,127.6233
08/17/2021,132.0664,133.3929,133.9193,130.9834
08/16/2021,134.0505,135.1097,135.4854,133.2052
08/13/2021,135.2741,134.4872,136.0789,134.0607
08/12/2021,133.0387,134.1704,134.2482,131.5802
08/11/2021,135.3489,133.7907,135.9011,133.7783
08/10/2021,132.0977,132.5422,133.6171,131.353
08/09/2021,133.0054,134.6194,135.7935,132.8496
08/06/2021,136.7611,136.5584,137.7256,134.7177
08/05/2021,139.8017,141.4829,142.3131,139.5599
08/04/2021,141.8636,145.2122,146.4754,141.855
08/03/2021,143.4675,142.2655,143.5906,141.6901
08/02/2021,142.1324,143.7696,143.8187,141.5404
07/30/2021,143.7696,143.3319,145.2504,142.625
07/29/2021,144.3257,143.7461,145.8663,142.9963
07/28/2021,140.47,137.5272,140.5082,137.496
07/27/2021,138.0905,138.1313,138.366,136.548
07/26/2021,138.1238,135.7441,138.924,135.7441
07/23/2021,135.6362,136.0142,136.2169,134.3694
07/22/2021,136.5876,137.2712,137.6132,134.5322
07/21/2021,137.7589,134.1052,138.2335,134.0931
07/20/2021,135.1341,135.1154,137.0671,134.1648
07/19/2021,134.315,135.1317,136.1026,132.8295
07/16/2021,137.5622,141.6213,141.6326,137.0464
07/15/2021,142.4966,141.447,142.5419,140.7768
07/14/2021,141.432,143.5757,144.1199,140.9324
07/13/2021,140.6175,139.8198,143.0788,139.7995
07/12/2021,139.3373,140.3149,141.7986,138.9137
07/09/2021,141.3666,138.59,141.9142,138.5757
07/08/2021,137.9797,142.4958,142.8244,137.1851
07/07/2021,142.5946,143.5134,143.5625,141.1573
07/06/2021,142.5325,144.9285,145.4078,141.2792
07/02/2021,142.9571,143.0284,143.6924,141.2993
07/01/2021,140.8713,142.9559,143.3026,140.0515
06/30/2021,141.1674,139.7162,141.8466,139.4899
06/29/2021,139.6978,138.1114,141.0397,138.0125
06/28/2021,140.4305,142.0433,142.775,139.3725
06/25/2021,141.9852,144.582,145.0787,141.8619
06/24/2021,143.2305,144.1234,144.4386,142.5941
06/23/2021,142.9249,145.1749,146.3867,142.9029
06/22/2021,143.6815,143.0454,144.3706,142.2301
06/21/2021,144.1317,143.1578,144.4949,141.5078
06/18/2021,141.8165,145.2776,145.9264,141.7792
06/17/2021,145.2311,148.492,150.4853,144.514
06/16/2021,154.1555,156.0122,158.2735,153.7175
06/15/2021,156.6258,159.2064,159.2404,155.317
06/14/2021,158.9991,157.124,160.445,157.124
06/11/2021,160.0913,162.1815,162.9773,159.7143
06/10/2021,162.7768,159.1069,162.8669,158.582
06/09/2021,158.8329,159.3002,160.7823,158.8234
06/08/2021,159.0846,160.4268,161.1339,159.0234
06/07/2021,161.2814,160.7604,161.6295,159.6406
06/04/2021,162.0619,161.4641,163.0574,161.2086
06/03/2021,159.958,161.3203,161.5171,159.1648
06/02/2021,165.6963,165.3096,166.5153,164.536
06/01/2021,165.6429,165.6144,167.0885,164.2582
05/28/2021,163.9562,162.086,164.0957,161.9721
05/27/2021,163.1378,162.6474,163.8871,161.9056
05/26/2021,163.2878,164.1042,165.6494,162.7198
05/25/2021,163.3706,163.5941,164.4152,161.499
05/24/2021,163.9924,163.1512,164.4415,162.9117
05/21/2021,163.0609,164.9729,165.4443,161.7262
05/20/2021,164.0544,162.0426,165.2059,161.478
05/19/2021,162.003,164.0835,166.4407,160.3285
05/18/2021,165.332,166.0026,166.7897,163.2928
05/17/2021,166.0094,158.9309,166.4956,158.3884
05/14/2021,166.0094,154.9596,157.6395,154.9596
05/13/2021,152.944,152.7002,153.8833,151.3299
05/12/2021,153.6571,156.6986,157.7192,153.0341
05/11/2021,157.1376,151.4855,157.3678,151.1067
05/10/2021,154.7186,158.8179,159.606,154.6504
05/07/2021,156.276,156.028,156.7637,154.3957
05/06/2021,153.8115,149.7426,155.0226,149.7327
05/05/2021,148.0911,147.4432,148.2446,146.1237
05/04/2021,146.5827,148.2864,150.4371,145.1813
05/03/2021,148.7181,144.7904,149.3195,144.5073
04/30/2021,142.1302,143.5593,144.6033,142.0133
04/29/2021,144.2986,146.7685,146.7727,142.6331
04/28/2021,147.6136,144.675,148.482,143.8691
04/27/2021,146.0423,148.9454,149.3053,145.957
04/26/2021,148.9292,148.8561,149.5146,147.7103
04/23/2021,148.5325,150.0044,150.8312,147.9144
04/22/2021,148.5536,150.244,150.3214,147.6897
04/21/2021,151.7641,149.0126,151.7748,148.4078
04/20/2021,148.4062,147.1172,148.6015,146.3919
04/19/2021,147.5738,148.9889,149.3271,146.5616
04/16/2021,149.1587,150.0507,150.0507,148.1093
04/15/2021,148.1539,144.174,149.1261,144.0776
04/14/2021,142.1291,142.5926,144.0093,141.822
04/13/2021,143.014,141.9771,144.0379,141.9752
04/12/2021,140.814,142.9619,142.9619,140.3312
04/09/2021,143.7612,141.64,144.10,141.5686
04/08/2021,144.2571,142.8628,144.7241,142.5797
04/07/2021,140.6657,142.4704,142.4731,140.4019
04/06/2021,143.0331,141.8529,144.4987,141.8011
04/05/2021,140.6323,140.5839,142.0481,139.3803
04/01/2021,139.9288,136.2114,139.9412,136.1622
03/31/2021,134.3921,132.0718,135.5818,131.884
03/30/2021,131.7279,132.6451,133.2427,131.0351
03/29/2021,135.8801,134.9063,135.9411,132.6031
03/26/2021,135.8709,133.1459,135.8978,133.0983
03/25/2021,132.8373,132.9918,133.9225,131.1374
03/24/2021,133.696,135.3402,136.2436,133.5514
03/23/2021,135.283,138.8695,138.8695,134.8853
03/22/2021,140.1479,141.1089,142.1596,140.0807
03/19/2021,141.5706,141.0772,142.1011,140.0144
03/18/2021,141.2689,141.8692,144.2886,140.8661
03/17/2021,144.2008,139.3392,145.349,138.7509
03/16/2021,140.4169,142.1341,142.2569,139.9932
03/15/2021,142.1201,140.4434,142.2741,140.1703
03/12/2021,139.7329,136.3001,140.0216,135.3583
03/11/2021,139.1429,137.0313,139.2003,136.6648
03/10/2021,135.6462,135.5186,136.5821,134.0967
03/09/2021,134.7504,135.7662,137.0758,133.8172
03/08/2021,131.7058,133.132,133.8946,131.4413
03/05/2021,133.5832,130.6866,133.8578,128.302
03/04/2021,130.6778,131.4839,134.0473,128.0818
03/03/2021,131.7959,131.7231,132.9559,129.0934
03/02/2021,134.843,131.1221,135.9533,131.0299
03/01/2021,130.3307,132.8872,134.1407,129.3683
02/26/2021,130.7857,135.5326,136.1453,129.7197
02/25/2021,137.3639,141.8539,143.8097,136.8419
02/24/2021,143.3547,139.4246,144.096,137.8341
02/23/2021,140.9007,141.8535,141.9159,136.6214
02/22/2021,143.6846,138.0025,144.2493,137.7694
02/19/2021,136.7814,136.4637,138.3806,135.9394
02/18/2021,135.7169,137.0227,138.7256,134.4836
02/17/2021,137.4314,137.9573,138.1213,136.1148
02/16/2021,140.0021,140.6909,142.7701,139.9956
02/12/2021,141.7242,139.8075,143.1148,138.7067
02/11/2021,141.2893,143.7907,144.6302,140.6711
02/10/2021,143.651,145.6531,146.1969,142.5728
02/09/2021,143.9214,144.9812,144.9812,142.6928
02/08/2021,144.5679,143.7076,145.0515,142.988
02/05/2021,141.5205,138.6363,141.5776,137.894
02/04/2021,137.508,135.8045,137.6807,134.333
02/03/2021,139.6336,139.7487,140.7544,138.5642
02/02/2021,139.0538,142.0426,142.1774,138.3921
02/01/2021,146.3172,144.0165,149.6902,143.2131
01/29/2021,138.5889,143.4975,144.4239,138.0335
01/28/2021,138.6796,135.4576,141.4745,135.4317
01/27/2021,131.5703,135.3589,135.3589,130.8316
01/26/2021,137.4656,138.4453,139.3686,137.4011
01/25/2021,138.5731,140.9602,141.7068,136.9889
01/22/2021,140.1493,137.2915,141.2224,136.6556
01/21/2021,141.2396,143.5449,143.5657,140.2136
01/20/2021,143.244,141.2256,144.0391,141.064
01/19/2021,139.0001,139.604,139.6772,137.637
01/15/2021,137.5131,141.3896,141.803,137.457
01/14/2021,143.0683,142.8143,144.8758,142.0118
01/13/2021,142.3291,144.6385,145.3455,142.3041
01/12/2021,144.7393,144.3437,144.8772,141.8476
01/11/2021,143.9535,143.5967,145.7596,143.0941
01/08/2021,147.2386,151.0145,151.7418,144.4749
01/07/2021,154.5193,155.2697,156.4721,152.7755
01/06/2021,155.1262,153.0599,155.3134,151.1204
01/05/2021,154.0798,155.1337,155.2354,151.8848
01/04/2021,154.0715,151.3241,154.8923,149.4028
12/31/2020,144.1923,147.1792,147.4253,143.6225
12/30/2020,147.1415,143.1106,147.1662,143.0995
12/29/2020,142.4588,143.3857,144.6811,141.6458
12/28/2020,142.335,146.5004,147.6608,142.2926
12/24/2020,143.7266,142.6868,144.4405,141.7959
12/23/2020,143.008,141.6007,143.7503,141.5961
12/22/2020,140.5301,145.2563,145.663,139.8387
12/21/2020,145.3418,145.0886,147.0185,144.4654
12/18/2020,144.9043,148.2765,148.2862,144.6514
12/17/2020,148.2484,146.2674,149.7859,146.2674
12/16/2020,142.9412,141.3773,143.00,139.5742
12/15/2020,140.1981,138.3427,140.6065,138.0662
12/14/2020,135.35,138.5386,140.082,135.2578
12/11/2020,138.6079,139.7838,140.7747,138.1503
12/10/2020,140.1026,140.3627,142.7915,139.3249
12/09/2020,139.6125,142.0529,142.4237,137.9443
12/08/2020,143.2978,144.1757,144.2446,142.892
12/07/2020,143.589,139.108,145.0304,139.1012
12/04/2020,139.337,139.777,141.0835,138.6754
12/03/2020,139.6015,141.1637,141.9339,138.6747
12/02/2020,140.6443,139.843,140.9545,138.0812
12/01/2020,139.9139,138.647,140.1789,136.6261
11/30/2020,134.7245,132.763,134.775,131.15
11/27/2020,133.7592,131.5876,133.8004,131.0823
11/25/2020,133.0015,131.8694,133.8055,131.8694
11/24/2020,130.8189,129.1519,132.2531,129.1487
11/23/2020,132.5378,135.7162,136.2978,132.3484
11/20/2020,137.2039,137.529,139.1129,136.4303
11/19/2020,135.8866,134.5531,136.5838,134.3928
11/18/2020,136.7101,140.9728,140.9728,136.6915
11/17/2020,141.2424,142.5968,143.1571,140.8186
11/16/2020,143.4039,142.6621,144.5963,141.3339
11/13/2020,143.3848,144.3905,144.6576,142.86
11/12/2020,142.0365,141.7646,144.4576,141.5534
11/11/2020,140.6045,140.6716,141.0858,139.3687
11/10/2020,142.0528,147.1542,147.5949,141.967
11/09/2020,146.6328,149.8012,150.0278,143.7549
11/06/2020,155.3834,155.6326,156.2095,153.81
11/05/2020,154.1562,148.5927,154.9374,148.5028
11/04/2020,143.4013,147.3015,147.5513,142.9744
11/03/2020,147.4091,146.4049,148.3072,145.5733
11/02/2020,144.6861,142.0783,144.6986,140.7202
10/30/2020,140.3201,139.1366,140.3381,136.0231
10/29/2020,137.903,134.6864,139.0255,134.5559
10/28/2020,135.6394,141.4406,141.6177,135.4052
10/27/2020,145.5602,143.2937,145.6808,142.6206
10/26/2020,142.9099,144.3012,146.5477,142.6738
10/23/2020,145.4557,146.0068,146.253,144.3874
10/22/2020,146.4089,146.0871,146.7187,143.6911
10/21/2020,148.0806,147.1364,150.5082,147.0067
10/20/2020,145.9916,144.758,146.9387,143.9755
10/19/2020,144.3638,148.2658,149.2204,144.3099
10/16/2020,147.0914,149.4619,149.582,147.0626
10/15/2020,149.0673,147.8347,150.023,147.6307
10/14/2020,150.6805,150.5474,152.2494,149.3014
10/13/2020,148.7078,148.0515,149.1896,145.4406
10/12/2020,149.8597,150.0537,151.0565,148.3782
10/09/2020,150.0179,146.3225,150.0191,146.3068
10/08/2020,143.335,142.3962,144.2502,141.8798
10/07/2020,140.8486,141.4715,142.7331,140.2512
10/06/2020,139.8117,146.196,147.0284,139.7849
10/05/2020,145.5845,143.6555,147.2602,143.6393
10/02/2020,142.8419,143.6769,144.8743,142.2067
10/01/2020,144.5461,144.2741,146.1428,142.9488
09/30/2020,143.082,142.1913,144.2919,141.1005
09/29/2020,143.2263,142.6975,144.668,142.2338
09/28/2020,141.5608,141.887,142.6316,139.7857
09/25/2020,139.9622,138.9651,140.7244,137.7791
09/24/2020,140.8774,134.1794,141.8689,134.1794
09/23/2020,135.7458,143.228,143.4923,135.0542
09/22/2020,145.5413,145.3054,146.691,143.555
09/21/2020,144.7754,148.3781,149.8626,142.9405
09/18/2020,151.5123,154.6343,155.879,151.4098
09/17/2020,154.0606,151.5946,154.5947,150.4065
09/16/2020,156.0624,157.3827,158.0117,155.2497
09/15/2020,156.1823,158.816,159.2576,155.1757
09/14/2020,156.3961,152.1147,156.5674,152.1128
09/11/2020,150.34,153.4933,155.4338,149.8556
09/10/2020,152.3423,155.8778,157.0007,151.7137
09/09/2020,154.7971,149.7266,155.1767,149.707
09/08/2020,147.9829,145.4024,151.05,143.1976
09/04/2020,149.5784,149.8252,150.8793,144.0324
09/03/2020,150.9277,150.2772,152.0291,146.2701
09/02/2020,152.3941,150.6004,152.4312,146.8648
09/01/2020,152.3954,156.8321,156.8982,150.4528
08/31/2020,154.2088,153.6083,156.2932,153.0404
08/28/2020,152.8499,149.6064,153.6906,149.4372
08/27/2020,147.494,152.1056,152.6047,145.3675
08/26/2020,150.5038,144.264,150.5191,144.229
08/25/2020,145.9598,145.8586,146.2763,142.4661
08/24/2020,146.3794,149.4158,149.6247,145.686
08/21/2020,147.5066,148.484,148.6894,145.764
08/20/2020,150.8814,147.7589,151.5394,147.3174
08/19/2020,148.4889,152.0358,153.3389,147.7096
08/18/2020,153.2777,157.5274,157.5345,151.4985
08/17/2020,154.4744,151.1581,154.5559,151.00
08/14/2020,145.9551,146.482,147.0746,143.8354
08/13/2020,146.5562,143.9642,147.9651,143.1563
08/12/2020,141.678,145.0658,145.5682,141.5758
08/11/2020,141.4747,144.514,147.7361,140.8202
08/10/2020,153.0348,155.2346,158.9658,152.6374
08/07/2020,154.1407,156.0933,157.2887,152.2161
08/06/2020,159.6006,163.1156,163.5785,157.4058
08/05/2020,161.144,162.8088,165.3551,159.2781
08/04/2020,159.3452,155.1481,159.5204,151.4169
08/03/2020,152.7936,154.752,154.8968,150.3912
07/31/2020,154.5321,152.359,154.9471,151.9003
07/30/2020,150.2591,151.0606,154.3363,147.918
07/29/2020,155.7018,157.575,157.9044,152.8446
07/28/2020,157.2796,156.1936,159.3652,154.4994
07/27/2020,158.2088,154.8813,160.5592,154.8688
07/24/2020,150.6867,147.9585,151.0126,147.4697
07/23/2020,146.4811,149.6741,151.2621,143.7664
07/22/2020,149.9875,148.216,150.716,147.7202
07/21/2020,146.5929,147.7544,149.6641,145.3764
07/20/2020,144.3421,141.9144,144.9145,141.8475
07/17/2020,140.1616,137.3848,140.2785,137.1031
07/16/2020,135.921,137.1545,138.3888,134.5644
07/15/2020,137.9337,136.6305,138.0666,134.38
07/14/2020,137.0653,130.7588,137.0882,130.6751
07/13/2020,131.2426,138.0217,139.3583,131.106
07/10/2020,135.8991,137.4505,137.7328,134.653
07/09/2020,136.5491,138.2859,138.746,133.1151
07/08/2020,136.5768,135.8994,137.5868,134.1549
07/07/2020,132.9481,128.9938,133.726,128.9871
07/06/2020,129.6548,129.0575,130.6346,128.0103
07/02/2020,127.0646,127.7277,130.3749,126.9503
07/01/2020,128.6792,128.9543,128.9795,124.886
06/30/2020,129.1584,124.2019,129.4751,123.5604
06/29/2020,124.7266,123.8735,124.7546,122.3974
06/26/2020,122.9069,121.3135,123.4176,119.1435
06/25/2020,122.2724,121.2093,122.3417,119.5298
06/24/2020,121.0622,122.4499,124.3693,119.4557
06/23/2020,123.723,123.863,125.5459,123.0756
06/22/2020,121.6953,119.7868,123.3692,119.7868
06/19/2020,116.7526,114.575,118.3894,114.2676
06/18/2020,112.5746,113.5952,114.8757,112.3106
06/17/2020,114.4107,114.6588,115.9778,113.5812
06/16/2020,114.1081,117.4845,118.2023,113.6743
06/15/2020,117.2361,110.6426,117.6844,109.1487
06/12/2020,114.4821,117.3415,118.359,113.7534
06/11/2020,114.8369,121.7443,122.9994,113.2018
06/10/2020,122.4183,118.6671,122.5033,115.0375
06/09/2020,117.0433,117.1033,118.5709,115.831
06/08/2020,115.7112,114.8224,116.1154,113.7341
06/05/2020,114.8715,112.8825,114.901,110.9084
06/04/2020,116.4494,117.3323,118.1036,115.5655
06/03/2020,115.32,115.184,117.2162,113.8446
06/02/2020,118.7964,123.6562,123.6943,118.4477
06/01/2020,123.0927,121.0653,123.1482,120.2143
05/29/2020,120.1026,121.2927,121.6759,119.7262
05/28/2020,118.4379,120.7818,121.8961,117.6215
05/27/2020,118.6317,114.7403,118.6317,114.0924
05/26/2020,118.8818,123.1316,123.1337,118.5973
05/22/2020,124.236,124.8523,127.4907,123.8933
05/21/2020,124.5523,126.2185,126.4759,121.5067
05/20/2020,128.0681,130.3153,131.0108,127.633
05/19/2020,129.2559,126.4553,130.4592,126.3783
05/18/2020,124.7309,129.3295,129.3867,124.3173
05/15/2020,126.6058,124.2225,126.9649,123.2477
05/14/2020,121.2462,117.5651,121.9344,117.343
